<md:EntityDescriptor entityID='https://borusg.pagerduty.com' xmlns:md='urn:oasis:names:tc:SAML:2.0:metadata' xmlns:saml='urn:oasis:names:tc:SAML:2.0:assertion'>
  <md:SPSSODescriptor AuthnRequestsSigned='false' WantAssertionsSigned='false' protocolSupportEnumeration='urn:oasis:names:tc:SAML:2.0:protocol'>
    <md:NameIDFormat>
      urn:oasis:names:tc:SAML:1.1:nameid-format:emailAddress
    </md:NameIDFormat>
    <md:AssertionConsumerService Binding='urn:oasis:names:tc:SAML:2.0:bindings:HTTP-POST' Location='https://borusg.pagerduty.com/sso/saml/consume' index='0' isDefault='true'/>
    <md:AttributeConsumingService index='1' isDefault='true'>
      <md:ServiceName xml:lang='en'>
      Required attributes</md:ServiceName>
      <md:RequestedAttribute FriendlyName='Email address' Name='email' NameFormat='urn:oasis:names:tc:SAML:2.0:attrname-format:basic'/>
      <md:RequestedAttribute FriendlyName='Full name' Name='name' NameFormat='urn:oasis:names:tc:SAML:2.0:attrname-format:basic'/>
      <md:RequestedAttribute FriendlyName='Given name' Name='first_name' NameFormat='urn:oasis:names:tc:SAML:2.0:attrname-format:basic'/>
      <md:RequestedAttribute FriendlyName='Family name' Name='last_name' NameFormat='urn:oasis:names:tc:SAML:2.0:attrname-format:basic'/>
    </md:AttributeConsumingService>
  </md:SPSSODescriptor>
</md:EntityDescriptor>
